symbol,date,open,high,low,close,volume,adjclose,dividends,Symbol
AAPL,2021-01-04,133.52000427246094,133.61000061035156,126.76000213623047,129.41000366210938,143301900,127.33169555664062,0.0,AAPL
AAPL,2021-01-05,128.88999938964844,131.74000549316406,128.42999267578125,131.00999450683594,97664900,128.906005859375,0.0,AAPL
AAPL,2021-01-06,127.72000122070312,131.0500030517578,126.37999725341797,126.5999984741211,155088000,124.56682586669922,0.0,AAPL
AAPL,2021-01-07,128.36000061035156,131.6300048828125,127.86000061035156,130.9199981689453,109578200,128.81744384765625,0.0,AAPL
AAPL,2021-01-08,132.42999267578125,132.6300048828125,130.22999572753906,132.0500030517578,105158200,129.92930603027344,0.0,AAPL
AAPL,2021-01-11,129.19000244140625,130.1699981689453,128.5,128.97999572753906,100384500,126.90859985351562,0.0,AAPL
AAPL,2021-01-12,128.5,129.69000244140625,126.86000061035156,128.8000030517578,91951100,126.73149871826172,0.0,AAPL
AAPL,2021-01-13,128.75999450683594,131.4499969482422,128.49000549316406,130.88999938964844,88636800,128.78793334960938,0.0,AAPL
AAPL,2021-01-14,130.8000030517578,131.0,128.75999450683594,128.91000366210938,90221800,126.83971405029297,0.0,AAPL
AAPL,2021-01-15,128.77999877929688,130.22000122070312,127.0,127.13999938964844,111598500,125.09814453125,0.0,AAPL
AAPL,2021-01-19,127.77999877929688,128.7100067138672,126.94000244140625,127.83000183105469,90757300,125.77706146240234,0.0,AAPL
AAPL,2021-01-20,128.66000366210938,132.49000549316406,128.5500030517578,132.02999877929688,104319500,129.90963745117188,0.0,AAPL
AAPL,2021-01-21,133.8000030517578,139.6699981689453,133.58999633789062,136.8699951171875,120150900,134.671875,0.0,AAPL
AAPL,2021-01-22,136.27999877929688,139.85000610351562,135.02000427246094,139.07000732421875,114459400,136.83656311035156,0.0,AAPL
AAPL,2021-01-25,143.07000732421875,145.08999633789062,136.5399932861328,142.9199981689453,157611700,140.62472534179688,0.0,AAPL
AAPL,2021-01-26,143.60000610351562,144.3000030517578,141.3699951171875,143.16000366210938,98390600,140.8608856201172,0.0,AAPL
AAPL,2021-01-27,143.42999267578125,144.3000030517578,140.41000366210938,142.05999755859375,140843800,139.7785186767578,0.0,AAPL
AAPL,2021-01-28,139.52000427246094,141.99000549316406,136.6999969482422,137.08999633789062,142621100,134.8883514404297,0.0,AAPL
AAPL,2021-01-29,135.8300018310547,136.74000549316406,130.2100067138672,131.9600067138672,177523800,129.84072875976562,0.0,AAPL
AAPL,2021-02-01,133.75,135.3800048828125,130.92999267578125,134.13999938964844,106239800,131.98574829101562,0.0,AAPL
AAPL,2021-02-02,135.72999572753906,136.30999755859375,134.61000061035156,134.99000549316406,83305400,132.82208251953125,0.0,AAPL
AAPL,2021-02-03,135.75999450683594,135.77000427246094,133.61000061035156,133.94000244140625,89880900,131.7889862060547,0.0,AAPL
AAPL,2021-02-04,136.3000030517578,137.39999389648438,134.58999633789062,137.38999938964844,84183100,135.1835174560547,0.0,AAPL
AAPL,2021-02-05,137.35000610351562,137.4199981689453,135.86000061035156,136.75999450683594,75693800,134.7647247314453,0.205,AAPL
AAPL,2021-02-08,136.02999877929688,136.9600067138672,134.9199981689453,136.91000366210938,71297200,134.91253662109375,0.0,AAPL
AAPL,2021-02-09,136.6199951171875,137.8800048828125,135.85000610351562,136.00999450683594,76774200,134.02565002441406,0.0,AAPL
AAPL,2021-02-10,136.47999572753906,136.99000549316406,134.39999389648438,135.38999938964844,73046600,133.4147186279297,0.0,AAPL
AAPL,2021-02-11,135.89999389648438,136.38999938964844,133.77000427246094,135.1300048828125,64280000,133.15850830078125,0.0,AAPL
AAPL,2021-02-12,134.35000610351562,135.52999877929688,133.69000244140625,135.3699951171875,60145100,133.39500427246094,0.0,AAPL
AAPL,2021-02-16,135.49000549316406,136.00999450683594,132.7899932861328,133.19000244140625,80576300,131.24681091308594,0.0,AAPL
AAPL,2021-02-17,131.25,132.22000122070312,129.47000122070312,130.83999633789062,97918500,128.93109130859375,0.0,AAPL
AAPL,2021-02-18,129.1999969482422,130.0,127.41000366210938,129.7100067138672,96856700,127.81761932373047,0.0,AAPL
AAPL,2021-02-19,130.24000549316406,130.7100067138672,128.8000030517578,129.8699951171875,87668800,127.97525024414062,0.0,AAPL
AAPL,2021-02-22,128.00999450683594,129.72000122070312,125.5999984741211,126.0,103916400,124.16171264648438,0.0,AAPL
AAPL,2021-02-23,123.76000213623047,126.70999908447266,118.38999938964844,125.86000061035156,158273000,124.02375793457031,0.0,AAPL
AAPL,2021-02-24,124.94000244140625,125.55999755859375,122.2300033569336,125.3499984741211,111039900,123.52119445800781,0.0,AAPL
AAPL,2021-02-25,124.68000030517578,126.45999908447266,120.54000091552734,120.98999786376953,148199500,119.22480010986328,0.0,AAPL
AAPL,2021-02-26,122.58999633789062,124.8499984741211,121.19999694824219,121.26000213623047,164560400,119.49085998535156,0.0,AAPL
AAPL,2021-03-01,123.75,127.93000030517578,122.79000091552734,127.79000091552734,116307900,125.92559814453125,0.0,AAPL
AAPL,2021-03-02,128.41000366210938,128.72000122070312,125.01000213623047,125.12000274658203,102260900,123.2945556640625,0.0,AAPL
AAPL,2021-03-03,124.80999755859375,125.70999908447266,121.83999633789062,122.05999755859375,112966300,120.27919006347656,0.0,AAPL
AAPL,2021-03-04,121.75,123.5999984741211,118.62000274658203,120.12999725341797,178155000,118.37734985351562,0.0,AAPL
AAPL,2021-03-05,120.9800033569336,121.94000244140625,117.56999969482422,121.41999816894531,153766600,119.64852905273438,0.0,AAPL
AAPL,2021-03-08,120.93000030517578,121.0,116.20999908447266,116.36000061035156,154376600,114.662353515625,0.0,AAPL
AAPL,2021-03-09,119.02999877929688,122.05999755859375,118.79000091552734,121.08999633789062,129525800,119.32334899902344,0.0,AAPL
AAPL,2021-03-10,121.69000244140625,122.16999816894531,119.44999694824219,119.9800033569336,111943300,118.22955322265625,0.0,AAPL
AAPL,2021-03-11,122.54000091552734,123.20999908447266,121.26000213623047,121.95999908447266,103026500,120.18065643310547,0.0,AAPL
AAPL,2021-03-12,120.4000015258789,121.16999816894531,119.16000366210938,121.02999877929688,88105100,119.26423645019531,0.0,AAPL
AAPL,2021-03-15,121.41000366210938,124.0,120.41999816894531,123.98999786376953,92403800,122.1810302734375,0.0,AAPL
AAPL,2021-03-16,125.69999694824219,127.22000122070312,124.72000122070312,125.56999969482422,115227900,123.73798370361328,0.0,AAPL
AAPL,2021-03-17,124.05000305175781,125.86000061035156,122.33999633789062,124.76000213623047,111932600,122.93980407714844,0.0,AAPL
AAPL,2021-03-18,122.87999725341797,123.18000030517578,120.31999969482422,120.52999877929688,121229700,118.77153015136719,0.0,AAPL
AAPL,2021-03-19,119.9000015258789,121.43000030517578,119.68000030517578,119.98999786376953,185549500,118.2394027709961,0.0,AAPL
AAPL,2021-03-22,120.33000183105469,123.87000274658203,120.26000213623047,123.38999938964844,111912300,121.58979797363281,0.0,AAPL
AAPL,2021-03-23,123.33000183105469,124.23999786376953,122.13999938964844,122.54000091552734,95467100,120.75220489501953,0.0,AAPL
AAPL,2021-03-24,122.81999969482422,122.9000015258789,120.06999969482422,120.08999633789062,88530500,118.33793640136719,0.0,AAPL
AAPL,2021-03-25,119.54000091552734,121.66000366210938,119.0,120.58999633789062,98844700,118.83064270019531,0.0,AAPL
AAPL,2021-03-26,120.3499984741211,121.4800033569336,118.91999816894531,121.20999908447266,94071200,119.44159698486328,0.0,AAPL
AAPL,2021-03-29,121.6500015258789,122.58000183105469,120.7300033569336,121.38999938964844,80819200,119.61898040771484,0.0,AAPL
AAPL,2021-03-30,120.11000061035156,120.4000015258789,118.86000061035156,119.9000015258789,85671900,118.15070343017578,0.0,AAPL
AAPL,2021-03-31,121.6500015258789,123.5199966430664,121.1500015258789,122.1500015258789,118323800,120.36788177490234,0.0,AAPL
AAPL,2021-04-01,123.66000366210938,124.18000030517578,122.48999786376953,123.0,75089100,121.20549774169922,0.0,AAPL
AAPL,2021-04-05,123.87000274658203,126.16000366210938,123.06999969482422,125.9000015258789,88651200,124.06316375732422,0.0,AAPL
AAPL,2021-04-06,126.5,127.12999725341797,125.6500015258789,126.20999908447266,80171300,124.36864471435547,0.0,AAPL
AAPL,2021-04-07,125.83000183105469,127.91999816894531,125.13999938964844,127.9000015258789,83466700,126.03398132324219,0.0,AAPL
AAPL,2021-04-08,128.9499969482422,130.38999938964844,128.52000427246094,130.36000061035156,88844600,128.45809936523438,0.0,AAPL
AAPL,2021-04-09,129.8000030517578,133.0399932861328,129.47000122070312,133.0,106686700,131.05958557128906,0.0,AAPL
AAPL,2021-04-12,132.52000427246094,132.85000610351562,130.6300048828125,131.24000549316406,91420000,129.3252716064453,0.0,AAPL
AAPL,2021-04-13,132.44000244140625,134.66000366210938,131.92999267578125,134.42999267578125,91266500,132.46875,0.0,AAPL
AAPL,2021-04-14,134.94000244140625,135.0,131.66000366210938,132.02999877929688,87222800,130.10374450683594,0.0,AAPL
AAPL,2021-04-15,133.82000732421875,135.0,133.63999938964844,134.5,89347100,132.5376739501953,0.0,AAPL
AAPL,2021-04-16,134.3000030517578,134.6699981689453,133.27999877929688,134.16000366210938,84922400,132.2026824951172,0.0,AAPL
AAPL,2021-04-19,133.50999450683594,135.47000122070312,133.33999633789062,134.83999633789062,94264200,132.8727569580078,0.0,AAPL
AAPL,2021-04-20,135.02000427246094,135.52999877929688,131.80999755859375,133.11000061035156,94812300,131.16798400878906,0.0,AAPL
AAPL,2021-04-21,132.36000061035156,133.75,131.3000030517578,133.5,68847100,131.55227661132812,0.0,AAPL
AAPL,2021-04-22,133.0399932861328,134.14999389648438,131.41000366210938,131.94000244140625,84566500,130.01504516601562,0.0,AAPL
AAPL,2021-04-23,132.16000366210938,135.1199951171875,132.16000366210938,134.32000732421875,78657500,132.36032104492188,0.0,AAPL
AAPL,2021-04-26,134.8300018310547,135.05999755859375,133.55999755859375,134.72000122070312,66905100,132.75448608398438,0.0,AAPL
AAPL,2021-04-27,135.00999450683594,135.41000366210938,134.11000061035156,134.38999938964844,66015800,132.42930603027344,0.0,AAPL
AAPL,2021-04-28,134.30999755859375,135.02000427246094,133.0800018310547,133.5800018310547,107760100,131.63113403320312,0.0,AAPL
AAPL,2021-04-29,136.47000122070312,137.07000732421875,132.4499969482422,133.47999572753906,151101000,131.53256225585938,0.0,AAPL
AAPL,2021-04-30,131.77999877929688,133.55999755859375,131.07000732421875,131.4600067138672,109839500,129.54205322265625,0.0,AAPL
AAPL,2021-05-03,132.0399932861328,134.07000732421875,131.8300018310547,132.5399932861328,75135100,130.60629272460938,0.0,AAPL
AAPL,2021-05-04,131.19000244140625,131.49000549316406,126.69999694824219,127.8499984741211,137564700,125.98472595214844,0.0,AAPL
AAPL,2021-05-05,129.1999969482422,130.4499969482422,127.97000122070312,128.10000610351562,84000900,126.2310791015625,0.0,AAPL
AAPL,2021-05-06,127.88999938964844,129.75,127.12999725341797,129.74000549316406,78128300,127.84716033935547,0.0,AAPL
AAPL,2021-05-07,130.85000610351562,131.25999450683594,129.47999572753906,130.2100067138672,78973300,128.52822875976562,0.22,AAPL
AAPL,2021-05-10,129.41000366210938,129.5399932861328,126.80999755859375,126.8499984741211,88071200,125.2116470336914,0.0,AAPL
AAPL,2021-05-11,123.5,126.2699966430664,122.7699966430664,125.91000366210938,126142800,124.28377532958984,0.0,AAPL
AAPL,2021-05-12,123.4000015258789,124.63999938964844,122.25,122.7699966430664,112172300,121.184326171875,0.0,AAPL
AAPL,2021-05-13,124.58000183105469,126.1500015258789,124.26000213623047,124.97000122070312,105861300,123.35591125488281,0.0,AAPL
AAPL,2021-05-14,126.25,127.88999938964844,125.8499984741211,127.44999694824219,81918000,125.80387115478516,0.0,AAPL
AAPL,2021-05-17,126.81999969482422,126.93000030517578,125.16999816894531,126.2699966430664,74244600,124.63910675048828,0.0,AAPL
AAPL,2021-05-18,126.55999755859375,126.98999786376953,124.77999877929688,124.8499984741211,63342900,123.23746490478516,0.0,AAPL
AAPL,2021-05-19,123.16000366210938,124.91999816894531,122.86000061035156,124.69000244140625,92612000,123.07953643798828,0.0,AAPL
AAPL,2021-05-20,125.2300033569336,127.72000122070312,125.0999984741211,127.30999755859375,76857100,125.66569519042969,0.0,AAPL
AAPL,2021-05-21,127.81999969482422,128.0,125.20999908447266,125.43000030517578,79295400,123.80997467041016,0.0,AAPL
AAPL,2021-05-24,126.01000213623047,127.94000244140625,125.94000244140625,127.0999984741211,63092900,125.45840454101562,0.0,AAPL
AAPL,2021-05-25,127.81999969482422,128.32000732421875,126.31999969482422,126.9000015258789,72009500,125.260986328125,0.0,AAPL
AAPL,2021-05-26,126.95999908447266,127.38999938964844,126.41999816894531,126.8499984741211,56575900,125.2116470336914,0.0,AAPL
AAPL,2021-05-27,126.44000244140625,127.63999938964844,125.08000183105469,125.27999877929688,94625600,123.66191864013672,0.0,AAPL
AAPL,2021-05-28,125.56999969482422,125.80000305175781,124.55000305175781,124.61000061035156,71311100,123.00057220458984,0.0,AAPL
AAPL,2021-06-01,125.08000183105469,125.3499984741211,123.94000244140625,124.27999877929688,67637100,122.67483520507812,0.0,AAPL
AAPL,2021-06-02,124.27999877929688,125.23999786376953,124.05000305175781,125.05999755859375,59278900,123.44475555419922,0.0,AAPL
AAPL,2021-06-03,124.68000030517578,124.8499984741211,123.12999725341797,123.54000091552734,76229200,121.94437408447266,0.0,AAPL
AAPL,2021-06-04,124.06999969482422,126.16000366210938,123.8499984741211,125.88999938964844,75169300,124.26403045654297,0.0,AAPL
AAPL,2021-06-07,126.16999816894531,126.31999969482422,124.83000183105469,125.9000015258789,71057600,124.27389526367188,0.0,AAPL
AAPL,2021-06-08,126.5999984741211,128.4600067138672,126.20999908447266,126.73999786376953,74403800,125.10304260253906,0.0,AAPL
AAPL,2021-06-09,127.20999908447266,127.75,126.5199966430664,127.12999725341797,56877900,125.4880142211914,0.0,AAPL
AAPL,2021-06-10,127.0199966430664,128.19000244140625,125.94000244140625,126.11000061035156,71186400,124.48118591308594,0.0,AAPL
AAPL,2021-06-11,126.52999877929688,127.44000244140625,126.0999984741211,127.3499984741211,53522400,125.7051773071289,0.0,AAPL
AAPL,2021-06-14,127.81999969482422,130.5399932861328,127.06999969482422,130.47999572753906,96906500,128.7947540283203,0.0,AAPL
AAPL,2021-06-15,129.94000244140625,130.60000610351562,129.38999938964844,129.63999938964844,62746300,127.96560668945312,0.0,AAPL
AAPL,2021-06-16,130.3699951171875,130.88999938964844,128.4600067138672,130.14999389648438,91815000,128.46900939941406,0.0,AAPL
AAPL,2021-06-17,129.8000030517578,132.5500030517578,129.64999389648438,131.7899932861328,96721700,130.0878448486328,0.0,AAPL
AAPL,2021-06-18,130.7100067138672,131.50999450683594,130.24000549316406,130.4600067138672,108953300,128.77499389648438,0.0,AAPL
AAPL,2021-06-21,130.3000030517578,132.41000366210938,129.2100067138672,132.3000030517578,79663300,130.5912322998047,0.0,AAPL
AAPL,2021-06-22,132.1300048828125,134.0800018310547,131.6199951171875,133.97999572753906,74783600,132.24952697753906,0.0,AAPL
AAPL,2021-06-23,133.77000427246094,134.32000732421875,133.22999572753906,133.6999969482422,60214200,131.97315979003906,0.0,AAPL
AAPL,2021-06-24,134.4499969482422,134.63999938964844,132.92999267578125,133.41000366210938,68711000,131.68692016601562,0.0,AAPL
AAPL,2021-06-25,133.4600067138672,133.88999938964844,132.80999755859375,133.11000061035156,70783700,131.39077758789062,0.0,AAPL
AAPL,2021-06-28,133.41000366210938,135.25,133.35000610351562,134.77999877929688,62111300,133.03921508789062,0.0,AAPL
AAPL,2021-06-29,134.8000030517578,136.49000549316406,134.35000610351562,136.3300018310547,64556100,134.5691680908203,0.0,AAPL
AAPL,2021-06-30,136.1699981689453,137.41000366210938,135.8699951171875,136.9600067138672,63261400,135.19107055664062,0.0,AAPL
AAPL,2021-07-01,136.60000610351562,137.3300018310547,135.75999450683594,137.27000427246094,52485800,135.49705505371094,0.0,AAPL
AAPL,2021-07-02,137.89999389648438,140.0,137.75,139.9600067138672,78852600,138.1522979736328,0.0,AAPL
AAPL,2021-07-06,140.07000732421875,143.14999389648438,140.07000732421875,142.02000427246094,108181800,140.1857147216797,0.0,AAPL
AAPL,2021-07-07,143.5399932861328,144.88999938964844,142.66000366210938,144.57000732421875,104911600,142.70277404785156,0.0,AAPL
AAPL,2021-07-08,141.5800018310547,144.05999755859375,140.6699981689453,143.24000549316406,105575500,141.38995361328125,0.0,AAPL
AAPL,2021-07-09,142.75,145.64999389648438,142.64999389648438,145.11000061035156,99890800,143.2357940673828,0.0,AAPL
AAPL,2021-07-12,146.2100067138672,146.32000732421875,144.0,144.5,76299700,142.6336669921875,0.0,AAPL
AAPL,2021-07-13,144.02999877929688,147.4600067138672,143.6300048828125,145.63999938964844,100827100,143.75892639160156,0.0,AAPL
AAPL,2021-07-14,148.10000610351562,149.57000732421875,147.67999267578125,149.14999389648438,127050800,147.22361755371094,0.0,AAPL
AAPL,2021-07-15,149.24000549316406,150.0,147.08999633789062,148.47999572753906,106820300,146.56227111816406,0.0,AAPL
AAPL,2021-07-16,148.4600067138672,149.75999450683594,145.8800048828125,146.38999938964844,93251400,144.499267578125,0.0,AAPL
AAPL,2021-07-19,143.75,144.07000732421875,141.6699981689453,142.4499969482422,121434600,140.6101531982422,0.0,AAPL
AAPL,2021-07-20,143.4600067138672,147.10000610351562,142.9600067138672,146.14999389648438,96350000,144.26234436035156,0.0,AAPL
AAPL,2021-07-21,145.52999877929688,146.1300048828125,144.6300048828125,145.39999389648438,74993500,143.52203369140625,0.0,AAPL
AAPL,2021-07-22,145.94000244140625,148.1999969482422,145.80999755859375,146.8000030517578,77338200,144.9039764404297,0.0,AAPL
AAPL,2021-07-23,147.5500030517578,148.72000122070312,146.9199981689453,148.55999755859375,71447400,146.64122009277344,0.0,AAPL
AAPL,2021-07-26,148.27000427246094,149.8300018310547,147.6999969482422,148.99000549316406,72434100,147.065673828125,0.0,AAPL
AAPL,2021-07-27,149.1199951171875,149.2100067138672,145.5500030517578,146.77000427246094,104818600,144.87435913085938,0.0,AAPL
AAPL,2021-07-28,144.80999755859375,146.97000122070312,142.5399932861328,144.97999572753906,118931200,143.1074676513672,0.0,AAPL
AAPL,2021-07-29,144.69000244140625,146.5500030517578,144.5800018310547,145.63999938964844,56699500,143.75892639160156,0.0,AAPL
AAPL,2021-07-30,144.3800048828125,146.3300018310547,144.11000061035156,145.86000061035156,70440600,143.97608947753906,0.0,AAPL
AAPL,2021-08-02,146.36000061035156,146.9499969482422,145.25,145.52000427246094,62880000,143.64048767089844,0.0,AAPL
AAPL,2021-08-03,145.80999755859375,148.0399932861328,145.17999267578125,147.36000061035156,64786600,145.45672607421875,0.0,AAPL
AAPL,2021-08-04,147.27000427246094,147.7899932861328,146.27999877929688,146.9499969482422,56368300,145.05201721191406,0.0,AAPL
AAPL,2021-08-05,146.97999572753906,147.83999633789062,146.1699981689453,147.05999755859375,46397700,145.16062927246094,0.0,AAPL
AAPL,2021-08-06,146.35000610351562,147.11000061035156,145.6300048828125,146.13999938964844,54126800,144.46859741210938,0.22,AAPL
AAPL,2021-08-09,146.1999969482422,146.6999969482422,145.52000427246094,146.08999633789062,48908700,144.41917419433594,0.0,AAPL
AAPL,2021-08-10,146.44000244140625,147.7100067138672,145.3000030517578,145.60000610351562,69023100,143.93479919433594,0.0,AAPL
AAPL,2021-08-11,146.0500030517578,146.72000122070312,145.52999877929688,145.86000061035156,48493500,144.19180297851562,0.0,AAPL
AAPL,2021-08-12,146.19000244140625,149.0500030517578,145.83999633789062,148.88999938964844,72282600,147.1871337890625,0.0,AAPL
AAPL,2021-08-13,148.97000122070312,149.44000244140625,148.27000427246094,149.10000610351562,59375000,147.394775390625,0.0,AAPL
AAPL,2021-08-16,148.5399932861328,151.19000244140625,146.47000122070312,151.1199951171875,103296000,149.3916778564453,0.0,AAPL
AAPL,2021-08-17,150.22999572753906,151.67999267578125,149.08999633789062,150.19000244140625,92229700,148.47230529785156,0.0,AAPL
AAPL,2021-08-18,149.8000030517578,150.72000122070312,146.14999389648438,146.36000061035156,86326000,144.6860809326172,0.0,AAPL
AAPL,2021-08-19,145.02999877929688,148.0,144.5,146.6999969482422,86960300,145.022216796875,0.0,AAPL
AAPL,2021-08-20,147.44000244140625,148.5,146.77999877929688,148.19000244140625,60549600,146.49517822265625,0.0,AAPL
AAPL,2021-08-23,148.30999755859375,150.19000244140625,147.88999938964844,149.7100067138672,60131800,147.99778747558594,0.0,AAPL
AAPL,2021-08-24,149.4499969482422,150.86000061035156,149.14999389648438,149.6199951171875,48606400,147.9088134765625,0.0,AAPL
AAPL,2021-08-25,149.80999755859375,150.32000732421875,147.8000030517578,148.36000061035156,58991300,146.6632080078125,0.0,AAPL
AAPL,2021-08-26,148.35000610351562,149.1199951171875,147.50999450683594,147.5399932861328,48597200,145.85260009765625,0.0,AAPL
AAPL,2021-08-27,147.47999572753906,148.75,146.8300018310547,148.60000610351562,55802400,146.90049743652344,0.0,AAPL
AAPL,2021-08-30,149.0,153.49000549316406,148.61000061035156,153.1199951171875,90956700,151.36878967285156,0.0,AAPL
AAPL,2021-08-31,152.66000366210938,152.8000030517578,151.2899932861328,151.8300018310547,86453100,150.0935516357422,0.0,AAPL
AAPL,2021-09-01,152.8300018310547,154.97999572753906,152.33999633789062,152.50999450683594,80313700,150.76576232910156,0.0,AAPL
AAPL,2021-09-02,153.8699951171875,154.72000122070312,152.39999389648438,153.64999389648438,71115500,151.89271545410156,0.0,AAPL
AAPL,2021-09-03,153.75999450683594,154.6300048828125,153.08999633789062,154.3000030517578,57808700,152.5352783203125,0.0,AAPL
AAPL,2021-09-07,154.97000122070312,157.25999450683594,154.38999938964844,156.69000244140625,82278300,154.89797973632812,0.0,AAPL
AAPL,2021-09-08,156.97999572753906,157.0399932861328,153.97999572753906,155.11000061035156,74420200,153.33602905273438,0.0,AAPL
AAPL,2021-09-09,155.49000549316406,156.11000061035156,153.9499969482422,154.07000732421875,57305700,152.3079071044922,0.0,AAPL
AAPL,2021-09-10,155.0,155.47999572753906,148.6999969482422,148.97000122070312,140893200,147.26625061035156,0.0,AAPL
AAPL,2021-09-13,150.6300048828125,151.4199981689453,148.75,149.5500030517578,102404300,147.83963012695312,0.0,AAPL
AAPL,2021-09-14,150.35000610351562,151.07000732421875,146.91000366210938,148.1199951171875,109296300,146.42596435546875,0.0,AAPL
AAPL,2021-09-15,148.55999755859375,149.44000244140625,146.3699951171875,149.02999877929688,83281300,147.3255615234375,0.0,AAPL
AAPL,2021-09-16,148.44000244140625,148.97000122070312,147.22000122070312,148.7899932861328,68034100,147.08828735351562,0.0,AAPL
AAPL,2021-09-17,148.82000732421875,148.82000732421875,145.75999450683594,146.05999755859375,129868800,144.3895263671875,0.0,AAPL
AAPL,2021-09-20,143.8000030517578,144.83999633789062,141.27000427246094,142.94000244140625,123478900,141.30523681640625,0.0,AAPL
AAPL,2021-09-21,143.92999267578125,144.60000610351562,142.77999877929688,143.42999267578125,75834000,141.78961181640625,0.0,AAPL
AAPL,2021-09-22,144.4499969482422,146.42999267578125,143.6999969482422,145.85000610351562,76404300,144.18191528320312,0.0,AAPL
AAPL,2021-09-23,146.64999389648438,147.0800018310547,145.63999938964844,146.8300018310547,64838200,145.15074157714844,0.0,AAPL
AAPL,2021-09-24,145.66000366210938,147.47000122070312,145.55999755859375,146.9199981689453,53477900,145.2397003173828,0.0,AAPL
AAPL,2021-09-27,145.47000122070312,145.9600067138672,143.82000732421875,145.3699951171875,74150700,143.70742797851562,0.0,AAPL
AAPL,2021-09-28,143.25,144.75,141.69000244140625,141.91000366210938,108972300,140.28700256347656,0.0,AAPL
AAPL,2021-09-29,142.47000122070312,144.4499969482422,142.02999877929688,142.8300018310547,74602000,141.19647216796875,0.0,AAPL
AAPL,2021-09-30,143.66000366210938,144.3800048828125,141.27999877929688,141.5,89056700,139.88169860839844,0.0,AAPL
AAPL,2021-10-01,141.89999389648438,142.9199981689453,139.11000061035156,142.64999389648438,94639600,141.01853942871094,0.0,AAPL
AAPL,2021-10-04,141.75999450683594,142.2100067138672,138.27000427246094,139.13999938964844,98322000,137.5486602783203,0.0,AAPL
AAPL,2021-10-05,139.49000549316406,142.24000549316406,139.36000061035156,141.11000061035156,80861100,139.4961395263672,0.0,AAPL
AAPL,2021-10-06,139.47000122070312,142.14999389648438,138.3699951171875,142.0,83221100,140.37596130371094,0.0,AAPL
AAPL,2021-10-07,143.05999755859375,144.22000122070312,142.72000122070312,143.2899932861328,61732700,141.65121459960938,0.0,AAPL
AAPL,2021-10-08,144.02999877929688,144.17999267578125,142.55999755859375,142.89999389648438,58773200,141.2656707763672,0.0,AAPL
AAPL,2021-10-11,142.27000427246094,144.80999755859375,141.80999755859375,142.80999755859375,64452200,141.1766815185547,0.0,AAPL
AAPL,2021-10-12,143.22999572753906,143.25,141.0399932861328,141.50999450683594,73035900,139.89157104492188,0.0,AAPL
AAPL,2021-10-13,141.24000549316406,141.39999389648438,139.1999969482422,140.91000366210938,78762700,139.29843139648438,0.0,AAPL
AAPL,2021-10-14,142.11000061035156,143.8800048828125,141.50999450683594,143.75999450683594,69907100,142.11585998535156,0.0,AAPL
AAPL,2021-10-15,143.77000427246094,144.89999389648438,143.50999450683594,144.83999633789062,67940300,143.18345642089844,0.0,AAPL
AAPL,2021-10-18,143.4499969482422,146.83999633789062,143.16000366210938,146.5500030517578,85589200,144.87393188476562,0.0,AAPL
AAPL,2021-10-19,147.00999450683594,149.1699981689453,146.5500030517578,148.75999450683594,76378900,147.0586395263672,0.0,AAPL
AAPL,2021-10-20,148.6999969482422,149.75,148.1199951171875,149.25999450683594,58418800,147.5529327392578,0.0,AAPL
AAPL,2021-10-21,148.80999755859375,149.63999938964844,147.8699951171875,149.47999572753906,61421000,147.7703857421875,0.0,AAPL
AAPL,2021-10-22,149.69000244140625,150.17999267578125,148.63999938964844,148.69000244140625,58883400,146.9894561767578,0.0,AAPL
AAPL,2021-10-25,148.67999267578125,149.3699951171875,147.6199951171875,148.63999938964844,50720600,146.94003295898438,0.0,AAPL
AAPL,2021-10-26,149.3300018310547,150.83999633789062,149.00999450683594,149.32000732421875,60893400,147.6122589111328,0.0,AAPL
AAPL,2021-10-27,149.36000061035156,149.72999572753906,148.49000549316406,148.85000610351562,56094900,147.1476287841797,0.0,AAPL
AAPL,2021-10-28,149.82000732421875,153.1699981689453,149.72000122070312,152.57000732421875,100077900,150.82508850097656,0.0,AAPL
AAPL,2021-10-29,147.22000122070312,149.94000244140625,146.41000366210938,149.8000030517578,124953200,148.0867462158203,0.0,AAPL
AAPL,2021-11-01,148.99000549316406,149.6999969482422,147.8000030517578,148.9600067138672,74588300,147.25636291503906,0.0,AAPL
AAPL,2021-11-02,148.66000366210938,151.57000732421875,148.64999389648438,150.02000427246094,69122000,148.3042449951172,0.0,AAPL
AAPL,2021-11-03,150.38999938964844,151.97000122070312,149.82000732421875,151.49000549316406,54511500,149.7574462890625,0.0,AAPL
AAPL,2021-11-04,151.5800018310547,152.42999267578125,150.63999938964844,150.9600067138672,60394600,149.23350524902344,0.0,AAPL
AAPL,2021-11-05,151.88999938964844,152.1999969482422,150.05999755859375,151.27999877929688,65463900,149.76809692382812,0.22,AAPL
AAPL,2021-11-08,151.41000366210938,151.57000732421875,150.16000366210938,150.44000244140625,55020900,148.93650817871094,0.0,AAPL
AAPL,2021-11-09,150.1999969482422,151.42999267578125,150.05999755859375,150.80999755859375,56787900,149.30279541015625,0.0,AAPL
AAPL,2021-11-10,150.02000427246094,150.1300048828125,147.85000610351562,147.9199981689453,65187100,146.44166564941406,0.0,AAPL
AAPL,2021-11-11,148.9600067138672,149.42999267578125,147.67999267578125,147.8699951171875,41000000,146.3921661376953,0.0,AAPL
AAPL,2021-11-12,148.42999267578125,150.39999389648438,147.47999572753906,149.99000549316406,63804000,148.49098205566406,0.0,AAPL
AAPL,2021-11-15,150.3699951171875,151.8800048828125,149.42999267578125,150.0,59222800,148.50086975097656,0.0,AAPL
AAPL,2021-11-16,149.94000244140625,151.49000549316406,149.33999633789062,151.0,59256200,149.4908905029297,0.0,AAPL
AAPL,2021-11-17,151.0,155.0,150.99000549316406,153.49000549316406,88807000,151.9560089111328,0.0,AAPL
AAPL,2021-11-18,153.7100067138672,158.6699981689453,153.0500030517578,157.8699951171875,137827700,156.29222106933594,0.0,AAPL
AAPL,2021-11-19,157.64999389648438,161.02000427246094,156.52999877929688,160.5500030517578,117305600,158.94544982910156,0.0,AAPL
AAPL,2021-11-22,161.67999267578125,165.6999969482422,161.0,161.02000427246094,117467900,159.41075134277344,0.0,AAPL
AAPL,2021-11-23,161.1199951171875,161.8000030517578,159.05999755859375,161.41000366210938,96041900,159.796875,0.0,AAPL
AAPL,2021-11-24,160.75,162.13999938964844,159.63999938964844,161.94000244140625,69463600,160.32156372070312,0.0,AAPL
AAPL,2021-11-26,159.57000732421875,160.4499969482422,156.36000061035156,156.80999755859375,76959800,155.24282836914062,0.0,AAPL
AAPL,2021-11-29,159.3699951171875,161.19000244140625,158.7899932861328,160.24000549316406,88748200,158.6385498046875,0.0,AAPL
AAPL,2021-11-30,159.99000549316406,165.52000427246094,159.9199981689453,165.3000030517578,174048100,163.64796447753906,0.0,AAPL
AAPL,2021-12-01,167.47999572753906,170.3000030517578,164.52999877929688,164.77000427246094,152052500,163.123291015625,0.0,AAPL
AAPL,2021-12-02,158.74000549316406,164.1999969482422,157.8000030517578,163.75999450683594,136739200,162.12335205078125,0.0,AAPL
AAPL,2021-12-03,164.02000427246094,164.9600067138672,159.72000122070312,161.83999633789062,118023100,160.22256469726562,0.0,AAPL
AAPL,2021-12-06,164.2899932861328,167.8800048828125,164.27999877929688,165.32000732421875,107497000,163.6677703857422,0.0,AAPL
AAPL,2021-12-07,169.0800018310547,171.5800018310547,168.33999633789062,171.17999267578125,120405400,169.4691925048828,0.0,AAPL
AAPL,2021-12-08,172.1300048828125,175.9600067138672,170.6999969482422,175.0800018310547,116998900,173.33023071289062,0.0,AAPL
AAPL,2021-12-09,174.91000366210938,176.75,173.9199981689453,174.55999755859375,108923700,172.81544494628906,0.0,AAPL
AAPL,2021-12-10,175.2100067138672,179.6300048828125,174.69000244140625,179.4499969482422,115402700,177.6565704345703,0.0,AAPL
AAPL,2021-12-13,181.1199951171875,182.1300048828125,175.52999877929688,175.74000549316406,153237000,173.983642578125,0.0,AAPL
AAPL,2021-12-14,175.25,177.74000549316406,172.2100067138672,174.3300018310547,139380400,172.5877227783203,0.0,AAPL
AAPL,2021-12-15,175.11000061035156,179.5,172.30999755859375,179.3000030517578,131063300,177.508056640625,0.0,AAPL
AAPL,2021-12-16,179.27999877929688,181.13999938964844,170.75,172.25999450683594,150185800,170.5384063720703,0.0,AAPL
AAPL,2021-12-17,169.92999267578125,173.47000122070312,169.69000244140625,171.13999938964844,195432700,169.4296112060547,0.0,AAPL
AAPL,2021-12-20,168.27999877929688,170.5800018310547,167.4600067138672,169.75,107499100,168.05349731445312,0.0,AAPL
AAPL,2021-12-21,171.55999755859375,173.1999969482422,169.1199951171875,172.99000549316406,91185900,171.26112365722656,0.0,AAPL
AAPL,2021-12-22,173.0399932861328,175.86000061035156,172.14999389648438,175.63999938964844,92135300,173.88465881347656,0.0,AAPL
AAPL,2021-12-23,175.85000610351562,176.85000610351562,175.27000427246094,176.27999877929688,68356600,174.51824951171875,0.0,AAPL
AAPL,2021-12-27,177.08999633789062,180.4199981689453,177.07000732421875,180.3300018310547,74919600,178.52777099609375,0.0,AAPL
AAPL,2021-12-28,180.16000366210938,181.3300018310547,178.52999877929688,179.2899932861328,79144300,177.49815368652344,0.0,AAPL
AAPL,2021-12-29,179.3300018310547,180.6300048828125,178.13999938964844,179.3800048828125,62348900,177.5872802734375,0.0,AAPL
AAPL,2021-12-30,179.47000122070312,180.57000732421875,178.08999633789062,178.1999969482422,59773000,176.41905212402344,0.0,AAPL
005930.KS,2021-01-04,81000.0,84400.0,80200.0,83000.0,38655276,78701.0625,0.0,005930.KS
005930.KS,2021-01-05,81600.0,83900.0,81600.0,83900.0,35335669,79554.453125,0.0,005930.KS
005930.KS,2021-01-06,83300.0,84500.0,82100.0,82200.0,42089013,77942.4921875,0.0,005930.KS
005930.KS,2021-01-07,82800.0,84200.0,82700.0,82900.0,32644642,78606.25,0.0,005930.KS
005930.KS,2021-01-08,83300.0,90000.0,83000.0,88800.0,59013307,84200.65625,0.0,005930.KS
005930.KS,2021-01-11,90000.0,96800.0,89500.0,91000.0,90306177,86286.7109375,0.0,005930.KS
005930.KS,2021-01-12,90300.0,91400.0,87800.0,90600.0,48682416,85907.4140625,0.0,005930.KS
005930.KS,2021-01-13,89800.0,91200.0,89100.0,89700.0,36068848,85054.046875,0.0,005930.KS
005930.KS,2021-01-14,88700.0,90000.0,88700.0,89700.0,26393970,85054.046875,0.0,005930.KS
005930.KS,2021-01-15,89800.0,91800.0,88000.0,88000.0,33431809,83442.0859375,0.0,005930.KS
005930.KS,2021-01-18,86600.0,87300.0,84100.0,85000.0,43227951,80597.4609375,0.0,005930.KS
005930.KS,2021-01-19,84500.0,88000.0,83600.0,87000.0,39895044,82493.875,0.0,005930.KS
005930.KS,2021-01-20,89000.0,89000.0,86500.0,87200.0,25211127,82683.515625,0.0,005930.KS
005930.KS,2021-01-21,87500.0,88600.0,86500.0,88100.0,25318011,83536.9140625,0.0,005930.KS
005930.KS,2021-01-22,89000.0,89700.0,86800.0,86800.0,30861661,82304.2421875,0.0,005930.KS
005930.KS,2021-01-25,87000.0,89900.0,86300.0,89400.0,27258534,84769.5703125,0.0,005930.KS
005930.KS,2021-01-26,88800.0,89200.0,86500.0,86700.0,33178936,82209.421875,0.0,005930.KS
005930.KS,2021-01-27,86600.0,87700.0,85600.0,85600.0,26423070,81166.390625,0.0,005930.KS
005930.KS,2021-01-28,83200.0,85600.0,83200.0,83700.0,31859808,79364.796875,0.0,005930.KS
005930.KS,2021-01-29,84500.0,85000.0,82000.0,82000.0,39615978,77752.859375,0.0,005930.KS
005930.KS,2021-02-01,81700.0,83400.0,81000.0,83000.0,28046832,78701.0625,0.0,005930.KS
005930.KS,2021-02-02,84100.0,86400.0,83700.0,84400.0,26302077,80028.546875,0.0,005930.KS
005930.KS,2021-02-03,84800.0,85400.0,83400.0,84600.0,22112205,80218.1875,0.0,005930.KS
005930.KS,2021-02-04,83500.0,83800.0,82100.0,82500.0,24171688,78226.96875,0.0,005930.KS
005930.KS,2021-02-05,83100.0,84000.0,82500.0,83500.0,18036835,79175.15625,0.0,005930.KS
005930.KS,2021-02-08,83800.0,84200.0,83000.0,83000.0,15338765,78701.0625,0.0,005930.KS
005930.KS,2021-02-09,84000.0,84800.0,82700.0,82700.0,20898332,78416.59375,0.0,005930.KS
005930.KS,2021-02-10,82600.0,82600.0,81600.0,81600.0,23025766,77373.5703125,0.0,005930.KS
005930.KS,2021-02-15,83800.0,84500.0,83300.0,84200.0,23529706,79838.8984375,0.0,005930.KS
005930.KS,2021-02-16,84500.0,86000.0,84200.0,84900.0,20483100,80502.640625,0.0,005930.KS
005930.KS,2021-02-17,83900.0,84200.0,83000.0,83200.0,18307735,78890.6875,0.0,005930.KS
005930.KS,2021-02-18,83200.0,83600.0,82100.0,82100.0,21327683,77847.6796875,0.0,005930.KS
005930.KS,2021-02-19,82300.0,82800.0,81000.0,82600.0,25880879,78321.7578125,0.0,005930.KS
005930.KS,2021-02-22,83800.0,84200.0,82200.0,82200.0,25419886,77942.4921875,0.0,005930.KS
005930.KS,2021-02-23,81200.0,82900.0,81100.0,82000.0,20587314,77752.859375,0.0,005930.KS
005930.KS,2021-02-24,81800.0,83600.0,81300.0,82000.0,26807651,77752.859375,0.0,005930.KS
005930.KS,2021-02-25,84000.0,85400.0,83000.0,85300.0,34155986,80881.921875,0.0,005930.KS
005930.KS,2021-02-26,82800.0,83400.0,82000.0,82500.0,38520800,78226.96875,0.0,005930.KS
005930.KS,2021-03-02,85100.0,85300.0,83000.0,83600.0,33498180,79269.9765625,0.0,005930.KS
005930.KS,2021-03-03,83500.0,84000.0,82800.0,84000.0,19882132,79649.2734375,0.0,005930.KS
005930.KS,2021-03-04,82600.0,83200.0,82200.0,82400.0,24348331,78132.15625,0.0,005930.KS
005930.KS,2021-03-05,81100.0,82600.0,81100.0,82100.0,20508971,77847.6796875,0.0,005930.KS
005930.KS,2021-03-08,82900.0,83000.0,81600.0,82000.0,17641256,77752.859375,0.0,005930.KS
005930.KS,2021-03-09,81400.0,81900.0,80600.0,81400.0,25420764,77183.9296875,0.0,005930.KS
005930.KS,2021-03-10,82400.0,82500.0,80700.0,80900.0,20038422,76709.8359375,0.0,005930.KS
005930.KS,2021-03-11,81000.0,82500.0,81000.0,82000.0,23818297,77752.859375,0.0,005930.KS
005930.KS,2021-03-12,83100.0,83500.0,82400.0,82800.0,13530573,78511.421875,0.0,005930.KS
005930.KS,2021-03-15,82800.0,82900.0,81800.0,81800.0,13735798,77563.2109375,0.0,005930.KS
005930.KS,2021-03-16,82200.0,83000.0,82100.0,82800.0,12293537,78511.421875,0.0,005930.KS
005930.KS,2021-03-17,82800.0,82900.0,82000.0,82300.0,11625146,78037.3203125,0.0,005930.KS
005930.KS,2021-03-18,82800.0,83800.0,82600.0,82900.0,18585244,78606.25,0.0,005930.KS
005930.KS,2021-03-19,82100.0,82500.0,81800.0,81900.0,15869700,77658.0390625,0.0,005930.KS
005930.KS,2021-03-22,82000.0,82300.0,81700.0,82000.0,12670506,77752.859375,0.0,005930.KS
005930.KS,2021-03-23,82600.0,82900.0,81800.0,81800.0,13299907,77563.2109375,0.0,005930.KS
005930.KS,2021-03-24,81000.0,81600.0,80700.0,81000.0,17926638,76804.6484375,0.0,005930.KS
005930.KS,2021-03-25,81000.0,82100.0,80800.0,81200.0,14758826,76994.2890625,0.0,005930.KS
005930.KS,2021-03-26,81400.0,81600.0,81000.0,81500.0,12845778,77278.7578125,0.0,005930.KS
005930.KS,2021-03-29,81700.0,81700.0,81000.0,81600.0,14952134,77373.5703125,0.0,005930.KS
005930.KS,2021-03-30,81600.0,82300.0,81300.0,82200.0,13121698,78288.84375,361.0,005930.KS
005930.KS,2021-03-31,82400.0,82700.0,81400.0,81400.0,17240518,77526.90625,0.0,005930.KS
005930.KS,2021-04-01,82500.0,83000.0,82000.0,82900.0,18676461,78955.5390625,0.0,005930.KS
005930.KS,2021-04-02,84000.0,85200.0,83900.0,84800.0,22997538,80765.1328125,0.0,005930.KS
005930.KS,2021-04-05,85800.0,86000.0,84800.0,85400.0,16255990,81336.59375,0.0,005930.KS
005930.KS,2021-04-06,86200.0,86200.0,85100.0,86000.0,19042023,81908.0390625,0.0,005930.KS
005930.KS,2021-04-07,86100.0,86200.0,85400.0,85600.0,17885538,81527.0703125,0.0,005930.KS
005930.KS,2021-04-08,85700.0,85700.0,84100.0,84700.0,19244259,80669.8984375,0.0,005930.KS
005930.KS,2021-04-09,84700.0,84900.0,83400.0,83600.0,18193707,79622.234375,0.0,005930.KS
005930.KS,2021-04-12,84100.0,84100.0,83100.0,83200.0,12915282,79241.2734375,0.0,005930.KS
005930.KS,2021-04-13,83000.0,84500.0,82800.0,84000.0,15238206,80003.1953125,0.0,005930.KS
005930.KS,2021-04-14,84000.0,84300.0,83400.0,84000.0,13794652,80003.1953125,0.0,005930.KS
005930.KS,2021-04-15,83700.0,84500.0,83400.0,84100.0,16377412,80098.4453125,0.0,005930.KS
005930.KS,2021-04-16,84700.0,84700.0,83600.0,83900.0,15429522,79907.9609375,0.0,005930.KS
005930.KS,2021-04-19,83800.0,84000.0,83300.0,83300.0,15287311,79336.5,0.0,005930.KS
005930.KS,2021-04-20,83300.0,84000.0,83100.0,83900.0,15521965,79907.9609375,0.0,005930.KS
005930.KS,2021-04-21,83300.0,83500.0,82500.0,82600.0,21636079,78669.8046875,0.0,005930.KS
005930.KS,2021-04-22,82900.0,83000.0,82400.0,82400.0,13934746,78479.34375,0.0,005930.KS
005930.KS,2021-04-23,81900.0,82900.0,81600.0,82800.0,17805080,78860.296875,0.0,005930.KS
005930.KS,2021-04-26,82900.0,83500.0,82600.0,83500.0,15489938,79527.0,0.0,005930.KS
005930.KS,2021-04-27,83200.0,83300.0,82500.0,82900.0,12941533,78955.5390625,0.0,005930.KS
005930.KS,2021-04-28,83200.0,83200.0,82100.0,82100.0,15596759,78193.609375,0.0,005930.KS
005930.KS,2021-04-29,82400.0,82500.0,81500.0,81700.0,20000973,77812.640625,0.0,005930.KS
005930.KS,2021-04-30,81900.0,82100.0,81500.0,81500.0,18673197,77622.15625,0.0,005930.KS
005930.KS,2021-05-03,81000.0,82400.0,81000.0,81700.0,15710336,77812.640625,0.0,005930.KS
005930.KS,2021-05-04,81900.0,82600.0,81800.0,82600.0,12532550,78669.8046875,0.0,005930.KS
005930.KS,2021-05-06,81700.0,82300.0,81700.0,82300.0,17047511,78384.09375,0.0,005930.KS
005930.KS,2021-05-07,81800.0,82100.0,81500.0,81900.0,14154882,78003.125,0.0,005930.KS
005930.KS,2021-05-10,82300.0,83500.0,81800.0,83200.0,19385027,79241.2734375,0.0,005930.KS
005930.KS,2021-05-11,82500.0,82600.0,81100.0,81200.0,28996680,77336.421875,0.0,005930.KS
005930.KS,2021-05-12,80800.0,81200.0,79800.0,80000.0,35812268,76193.53125,0.0,005930.KS
005930.KS,2021-05-13,78900.0,79600.0,78400.0,78500.0,31490096,74764.8984375,0.0,005930.KS
005930.KS,2021-05-14,79000.0,80300.0,78900.0,80100.0,16450920,76288.765625,0.0,005930.KS
005930.KS,2021-05-17,80800.0,80900.0,79200.0,79600.0,17740855,75812.5546875,0.0,005930.KS
005930.KS,2021-05-18,79600.0,80000.0,79100.0,79600.0,17494407,75812.5546875,0.0,005930.KS
005930.KS,2021-05-20,79400.0,79700.0,79100.0,79500.0,16541828,75717.3125,0.0,005930.KS
005930.KS,2021-05-21,80100.0,81500.0,79800.0,80100.0,20961714,76288.765625,0.0,005930.KS
005930.KS,2021-05-24,80100.0,80400.0,79500.0,79700.0,13398666,75907.796875,0.0,005930.KS
005930.KS,2021-05-25,80000.0,80400.0,79800.0,79900.0,13628942,76098.296875,0.0,005930.KS
005930.KS,2021-05-26,80400.0,80500.0,79700.0,79800.0,11984359,76003.046875,0.0,005930.KS
005930.KS,2021-05-27,80000.0,80000.0,79100.0,79600.0,23198510,75812.5546875,0.0,005930.KS
005930.KS,2021-05-28,79800.0,80400.0,79400.0,80100.0,12360199,76288.765625,0.0,005930.KS
005930.KS,2021-05-31,80300.0,80600.0,79600.0,80500.0,13321324,76669.7421875,0.0,005930.KS
005930.KS,2021-06-01,80500.0,81300.0,80100.0,80600.0,14058401,76764.96875,0.0,005930.KS
005930.KS,2021-06-02,80400.0,81400.0,80300.0,80800.0,16414644,76955.453125,0.0,005930.KS
005930.KS,2021-06-03,81300.0,83000.0,81100.0,82800.0,29546007,78860.296875,0.0,005930.KS
005930.KS,2021-06-04,82700.0,82700.0,81500.0,82200.0,18112259,78288.84375,0.0,005930.KS
005930.KS,2021-06-07,82700.0,82800.0,81600.0,81900.0,16496197,78003.125,0.0,005930.KS
005930.KS,2021-06-08,82300.0,82600.0,81800.0,81900.0,12781226,78003.125,0.0,005930.KS
005930.KS,2021-06-09,81500.0,82000.0,81100.0,81100.0,14908823,77241.1796875,0.0,005930.KS
005930.KS,2021-06-10,81300.0,81400.0,80900.0,81000.0,17586995,77145.9453125,0.0,005930.KS
005930.KS,2021-06-11,81200.0,81700.0,80700.0,81000.0,14087962,77145.9453125,0.0,005930.KS
005930.KS,2021-06-14,80800.0,80900.0,80500.0,80500.0,10550078,76669.7421875,0.0,005930.KS
005930.KS,2021-06-15,80900.0,81200.0,80600.0,80900.0,10075685,77050.703125,0.0,005930.KS
005930.KS,2021-06-16,81500.0,81900.0,81100.0,81800.0,14999855,77907.8671875,0.0,005930.KS
005930.KS,2021-06-17,81100.0,81300.0,80700.0,80900.0,14007385,77050.703125,0.0,005930.KS
005930.KS,2021-06-18,81100.0,81100.0,80500.0,80500.0,14916721,76669.7421875,0.0,005930.KS
005930.KS,2021-06-21,79700.0,80000.0,79600.0,79900.0,16063340,76098.296875,0.0,005930.KS
005930.KS,2021-06-22,80200.0,80300.0,79900.0,80000.0,11773365,76193.53125,0.0,005930.KS
005930.KS,2021-06-23,80500.0,80600.0,79900.0,80100.0,13856548,76288.765625,0.0,005930.KS
005930.KS,2021-06-24,80400.0,81400.0,80100.0,81200.0,18771080,77336.421875,0.0,005930.KS
005930.KS,2021-06-25,81500.0,81900.0,81200.0,81600.0,13481405,77717.40625,0.0,005930.KS
005930.KS,2021-06-28,81700.0,82000.0,81600.0,81900.0,11578529,78003.125,0.0,005930.KS
005930.KS,2021-06-29,81900.0,82100.0,80800.0,81000.0,15744317,77487.4921875,361.0,005930.KS
005930.KS,2021-06-30,81100.0,81400.0,80700.0,80700.0,13288643,77200.5,0.0,005930.KS
005930.KS,2021-07-01,80500.0,80600.0,80000.0,80100.0,13382882,76626.53125,0.0,005930.KS
005930.KS,2021-07-02,80000.0,80400.0,79900.0,80000.0,8753097,76530.8515625,0.0,005930.KS
005930.KS,2021-07-05,80100.0,80800.0,80000.0,80400.0,8330969,76913.515625,0.0,005930.KS
005930.KS,2021-07-06,80600.0,81200.0,80500.0,81200.0,12131651,77678.8203125,0.0,005930.KS
005930.KS,2021-07-07,81200.0,81300.0,80300.0,80800.0,15992202,77296.171875,0.0,005930.KS
005930.KS,2021-07-08,81100.0,81200.0,79900.0,79900.0,16660998,76435.203125,0.0,005930.KS
005930.KS,2021-07-09,79600.0,79800.0,79000.0,79400.0,22720577,75956.875,0.0,005930.KS
005930.KS,2021-07-12,79900.0,80000.0,79500.0,79700.0,9768108,76243.875,0.0,005930.KS
005930.KS,2021-07-13,80000.0,80200.0,79800.0,79800.0,9863450,76339.5234375,0.0,005930.KS
005930.KS,2021-07-14,79400.0,79600.0,79100.0,79500.0,11575636,76052.546875,0.0,005930.KS
005930.KS,2021-07-15,79800.0,80600.0,79500.0,80600.0,13766279,77104.8359375,0.0,005930.KS
005930.KS,2021-07-16,80100.0,80100.0,79500.0,79800.0,10859399,76339.5234375,0.0,005930.KS
005930.KS,2021-07-19,79100.0,79200.0,78800.0,79000.0,13155414,75574.2265625,0.0,005930.KS
005930.KS,2021-07-20,78500.0,79000.0,78400.0,79000.0,12456646,75574.2265625,0.0,005930.KS
005930.KS,2021-07-21,79000.0,79100.0,78500.0,78500.0,12355296,75095.90625,0.0,005930.KS
005930.KS,2021-07-22,79000.0,79800.0,78900.0,79700.0,12618790,76243.875,0.0,005930.KS
005930.KS,2021-07-23,79700.0,79900.0,79200.0,79300.0,9098910,75861.2109375,0.0,005930.KS
005930.KS,2021-07-26,79400.0,79500.0,78800.0,78800.0,10040975,75382.8984375,0.0,005930.KS
005930.KS,2021-07-27,79200.0,79400.0,78500.0,78500.0,11427693,75095.90625,0.0,005930.KS
005930.KS,2021-07-28,78300.0,79200.0,78100.0,79200.0,12743417,75765.5546875,0.0,005930.KS
005930.KS,2021-07-29,78800.0,79400.0,78800.0,79000.0,14360453,75574.2265625,0.0,005930.KS
005930.KS,2021-07-30,78900.0,78900.0,78500.0,78500.0,13823411,75095.90625,0.0,005930.KS
005930.KS,2021-08-02,79200.0,79500.0,78700.0,79300.0,11739124,75861.2109375,0.0,005930.KS
005930.KS,2021-08-03,79400.0,81400.0,79300.0,81400.0,24339360,77870.15625,0.0,005930.KS
005930.KS,2021-08-04,82200.0,83100.0,81800.0,82900.0,25642368,79305.1015625,0.0,005930.KS
005930.KS,2021-08-05,83300.0,83300.0,82000.0,82100.0,18485469,78539.8046875,0.0,005930.KS
005930.KS,2021-08-06,81900.0,82500.0,81300.0,81500.0,13342623,77965.8125,0.0,005930.KS
005930.KS,2021-08-09,81500.0,82300.0,80900.0,81500.0,15522581,77965.8125,0.0,005930.KS
005930.KS,2021-08-10,82300.0,82400.0,80100.0,80200.0,20362639,76722.1875,0.0,005930.KS
005930.KS,2021-08-11,79600.0,79800.0,78500.0,78500.0,30241137,75095.90625,0.0,005930.KS
005930.KS,2021-08-12,77100.0,78200.0,76900.0,77000.0,42365223,73660.953125,0.0,005930.KS
005930.KS,2021-08-13,75800.0,76000.0,74100.0,74400.0,61270643,71173.6953125,0.0,005930.KS
005930.KS,2021-08-17,74000.0,75100.0,74000.0,74200.0,30944847,70982.3828125,0.0,005930.KS
005930.KS,2021-08-18,73900.0,74600.0,73100.0,73900.0,29192631,70695.3828125,0.0,005930.KS
005930.KS,2021-08-19,73500.0,74400.0,73100.0,73100.0,22166298,69930.078125,0.0,005930.KS
005930.KS,2021-08-20,73500.0,73900.0,72500.0,72700.0,22364803,69547.421875,0.0,005930.KS
005930.KS,2021-08-23,73300.0,74000.0,73000.0,73300.0,19384648,70121.40625,0.0,005930.KS
005930.KS,2021-08-24,73900.0,75700.0,73900.0,75600.0,21016913,72321.671875,0.0,005930.KS
005930.KS,2021-08-25,76200.0,76600.0,74900.0,75700.0,22319664,72417.328125,0.0,005930.KS
005930.KS,2021-08-26,76100.0,76200.0,74600.0,74600.0,16671494,71365.015625,0.0,005930.KS
005930.KS,2021-08-27,74300.0,75000.0,73800.0,74300.0,15172748,71078.0390625,0.0,005930.KS
005930.KS,2021-08-30,75400.0,75500.0,74200.0,74600.0,12686999,71365.015625,0.0,005930.KS
005930.KS,2021-08-31,74900.0,76700.0,74300.0,76700.0,24630370,73373.9609375,0.0,005930.KS
005930.KS,2021-09-01,76700.0,77100.0,75900.0,76800.0,16114775,73469.625,0.0,005930.KS
005930.KS,2021-09-02,76800.0,76800.0,75700.0,76000.0,15347486,72704.3203125,0.0,005930.KS
005930.KS,2021-09-03,76400.0,76700.0,76000.0,76600.0,12096419,73278.2890625,0.0,005930.KS
005930.KS,2021-09-06,76800.0,77600.0,76600.0,77300.0,12861180,73947.9375,0.0,005930.KS
005930.KS,2021-09-07,77100.0,77100.0,75900.0,76100.0,13239401,72799.984375,0.0,005930.KS
005930.KS,2021-09-08,76000.0,76400.0,75600.0,76300.0,11798147,72991.296875,0.0,005930.KS
005930.KS,2021-09-09,76400.0,76600.0,75000.0,75300.0,17600770,72034.6640625,0.0,005930.KS
005930.KS,2021-09-10,75300.0,75600.0,74800.0,75300.0,10103212,72034.6640625,0.0,005930.KS
005930.KS,2021-09-13,75200.0,76300.0,75100.0,76300.0,11397775,72991.296875,0.0,005930.KS
005930.KS,2021-09-14,77100.0,77700.0,76600.0,76600.0,18167057,73278.2890625,0.0,005930.KS
005930.KS,2021-09-15,77400.0,77400.0,76400.0,77000.0,12829128,73660.953125,0.0,005930.KS
005930.KS,2021-09-16,77300.0,77400.0,76100.0,76100.0,13067622,72799.984375,0.0,005930.KS
005930.KS,2021-09-17,76300.0,77200.0,75900.0,77200.0,16289502,73852.28125,0.0,005930.KS
005930.KS,2021-09-23,77500.0,77600.0,76800.0,77400.0,17055590,74043.6015625,0.0,005930.KS
005930.KS,2021-09-24,77600.0,77700.0,77100.0,77300.0,12247274,73947.9375,0.0,005930.KS
005930.KS,2021-09-27,77300.0,77700.0,77000.0,77700.0,11699798,74330.6015625,0.0,005930.KS
005930.KS,2021-09-28,77700.0,77800.0,76200.0,76300.0,15406382,72991.296875,0.0,005930.KS
005930.KS,2021-09-29,74800.0,75300.0,73800.0,74100.0,23992458,71223.6796875,361.0,005930.KS
005930.KS,2021-09-30,74300.0,74800.0,73700.0,74100.0,19919361,71223.6796875,0.0,005930.KS
005930.KS,2021-10-01,73900.0,74000.0,72900.0,73200.0,15803395,70358.6328125,0.0,005930.KS
005930.KS,2021-10-05,73000.0,73000.0,71400.0,72200.0,24013921,69397.4296875,0.0,005930.KS
005930.KS,2021-10-06,72600.0,72800.0,71200.0,71300.0,18956962,68532.3828125,0.0,005930.KS
005930.KS,2021-10-07,71600.0,72100.0,71300.0,71600.0,13683532,68820.7265625,0.0,005930.KS
005930.KS,2021-10-08,72300.0,72400.0,71500.0,71500.0,14043287,68724.6171875,0.0,005930.KS
005930.KS,2021-10-12,70700.0,70900.0,68700.0,69000.0,31001484,66321.65625,0.0,005930.KS
005930.KS,2021-10-13,68700.0,69600.0,68300.0,68800.0,24172015,66129.421875,0.0,005930.KS
005930.KS,2021-10-14,69000.0,69800.0,68800.0,69400.0,19520641,66706.1328125,0.0,005930.KS
005930.KS,2021-10-15,70200.0,71000.0,70000.0,70100.0,18051612,67378.953125,0.0,005930.KS
005930.KS,2021-10-18,70200.0,70300.0,69200.0,70200.0,13486391,67475.0703125,0.0,005930.KS
005930.KS,2021-10-19,70800.0,71000.0,70400.0,70600.0,9507991,67859.546875,0.0,005930.KS
005930.KS,2021-10-20,70700.0,71000.0,70200.0,70300.0,10151638,67571.203125,0.0,005930.KS
005930.KS,2021-10-21,70300.0,70600.0,70000.0,70200.0,10891094,67475.0703125,0.0,005930.KS
005930.KS,2021-10-22,70000.0,70700.0,70000.0,70400.0,8395448,67667.3125,0.0,005930.KS
005930.KS,2021-10-25,69900.0,70600.0,69500.0,70200.0,10029621,67475.0703125,0.0,005930.KS
005930.KS,2021-10-26,70600.0,71500.0,70400.0,71100.0,10528252,68340.1328125,0.0,005930.KS
005930.KS,2021-10-27,71000.0,71000.0,70000.0,70100.0,10295316,67378.953125,0.0,005930.KS
005930.KS,2021-10-28,69500.0,72200.0,69500.0,70700.0,20644902,67955.6640625,0.0,005930.KS
005930.KS,2021-10-29,71200.0,71600.0,69700.0,69800.0,17016151,67090.5859375,0.0,005930.KS
005930.KS,2021-11-01,70200.0,70600.0,69900.0,69900.0,11503729,67186.7109375,0.0,005930.KS
005930.KS,2021-11-02,70800.0,72200.0,70700.0,71500.0,16812570,68724.6171875,0.0,005930.KS
005930.KS,2021-11-03,71700.0,71700.0,70100.0,70400.0,12770428,67667.3125,0.0,005930.KS
005930.KS,2021-11-04,71200.0,71600.0,70500.0,70600.0,11818987,67859.546875,0.0,005930.KS
005930.KS,2021-11-05,71600.0,71600.0,70200.0,70200.0,12667743,67475.0703125,0.0,005930.KS
005930.KS,2021-11-08,70400.0,70600.0,69800.0,70600.0,11121981,67859.546875,0.0,005930.KS
005930.KS,2021-11-09,70300.0,71000.0,70100.0,70500.0,11159589,67763.421875,0.0,005930.KS
005930.KS,2021-11-10,70300.0,70900.0,70200.0,70200.0,9422009,67475.0703125,0.0,005930.KS
005930.KS,2021-11-11,69900.0,70000.0,69600.0,69900.0,11489122,67186.7109375,0.0,005930.KS
005930.KS,2021-11-12,70200.0,70900.0,69900.0,70600.0,10087450,67859.546875,0.0,005930.KS
005930.KS,2021-11-15,71700.0,71900.0,70900.0,71400.0,12420710,68628.4921875,0.0,005930.KS
005930.KS,2021-11-16,71500.0,72000.0,71300.0,71300.0,10919239,68532.3828125,0.0,005930.KS
005930.KS,2021-11-17,71300.0,71600.0,70600.0,70700.0,11027606,67955.6640625,0.0,005930.KS
005930.KS,2021-11-18,70700.0,71000.0,70200.0,70200.0,10144957,67475.0703125,0.0,005930.KS
005930.KS,2021-11-19,70400.0,71400.0,70100.0,71200.0,11954728,68436.2578125,0.0,005930.KS
005930.KS,2021-11-22,73300.0,75200.0,73000.0,74900.0,27506623,71992.6328125,0.0,005930.KS
005930.KS,2021-11-23,76000.0,76000.0,74500.0,75300.0,22029195,72377.109375,0.0,005930.KS
005930.KS,2021-11-24,76000.0,76200.0,74100.0,74800.0,15652305,71896.5234375,0.0,005930.KS
005930.KS,2021-11-25,75100.0,75100.0,73600.0,73700.0,12559258,70839.21875,0.0,005930.KS
005930.KS,2021-11-26,73500.0,74100.0,72000.0,72300.0,13002242,69493.5546875,0.0,005930.KS
005930.KS,2021-11-29,71700.0,73000.0,71400.0,72300.0,16682559,69493.5546875,0.0,005930.KS
005930.KS,2021-11-30,73200.0,73900.0,70500.0,71300.0,30364841,68532.3828125,0.0,005930.KS
005930.KS,2021-12-01,72000.0,74800.0,71600.0,74400.0,21954856,71512.0390625,0.0,005930.KS
005930.KS,2021-12-02,73900.0,75800.0,73800.0,75800.0,23652940,72857.703125,0.0,005930.KS
005930.KS,2021-12-03,75600.0,76000.0,74100.0,75600.0,18330240,72665.4765625,0.0,005930.KS
005930.KS,2021-12-06,75100.0,76700.0,74900.0,76300.0,16391250,73338.2890625,0.0,005930.KS
005930.KS,2021-12-07,76100.0,77700.0,75600.0,77400.0,19232453,74395.59375,0.0,005930.KS
005930.KS,2021-12-08,78300.0,78600.0,77100.0,77400.0,21558340,74395.59375,0.0,005930.KS
005930.KS,2021-12-09,77400.0,78200.0,77000.0,78200.0,21604528,75164.5390625,0.0,005930.KS
005930.KS,2021-12-10,77400.0,77600.0,76800.0,76900.0,9155219,73915.0,0.0,005930.KS
005930.KS,2021-12-13,77200.0,78300.0,76500.0,76800.0,15038750,73818.8828125,0.0,005930.KS
005930.KS,2021-12-14,76500.0,77200.0,76200.0,77000.0,10976660,74011.109375,0.0,005930.KS
005930.KS,2021-12-15,76400.0,77600.0,76300.0,77600.0,9584939,74587.84375,0.0,005930.KS
005930.KS,2021-12-16,78500.0,78500.0,77400.0,77800.0,11996128,74780.0703125,0.0,005930.KS
005930.KS,2021-12-17,76800.0,78000.0,76800.0,78000.0,13108479,74972.3125,0.0,005930.KS
005930.KS,2021-12-20,77600.0,77800.0,76800.0,77100.0,11264375,74107.25,0.0,005930.KS
005930.KS,2021-12-21,77900.0,78300.0,77500.0,78100.0,14245298,75068.4375,0.0,005930.KS
005930.KS,2021-12-22,78900.0,79400.0,78800.0,79400.0,17105892,76317.9453125,0.0,005930.KS
005930.KS,2021-12-23,79800.0,80000.0,79300.0,79900.0,13577498,76798.5625,0.0,005930.KS
005930.KS,2021-12-24,80200.0,80800.0,80200.0,80500.0,12086380,77375.265625,0.0,005930.KS
005930.KS,2021-12-27,80600.0,80600.0,79800.0,80200.0,10783368,77086.90625,0.0,005930.KS
005930.KS,2021-12-28,80200.0,80400.0,79700.0,80300.0,18226325,77183.0234375,0.0,005930.KS
005930.KS,2021-12-29,80200.0,80200.0,78500.0,78800.0,19794795,76083.2890625,361.0,005930.KS
005930.KS,2021-12-30,78900.0,79500.0,78100.0,78300.0,14236700,75600.53125,0.0,005930.KS
